id,latitude,longitude,consumption_kwh,floor_area_m2
0,49.676477,8.609525,11485.7,123
1,49.686425,8.607824,10722.8,114
2,49.680149,8.606125,11330.8,95
3,49.674813,8.621531,6950.3,47
4,49.672476,8.611697,15697.2,120
5,49.671237,8.622566,7283.5,46
6,49.670932,8.630754,9189.2,77
7,49.680814,8.622127,16331.3,111
8,49.673615,8.622448,12481.3,121
9,49.671949,8.626363,10547.3,112
10,49.674119,8.625412,13574.2,94
11,49.679312,8.632703,9544.6,86
12,49.685888,8.625970,6796.8,71
13,49.676005,8.619853,11708.1,83
14,49.675759,8.634405,6920.9,55
15,49.673299,8.615262,19752.2,159
16,49.670784,8.625046,17681.9,137
17,49.685782,8.629551,11509.7,83
18,49.681887,8.622397,9291.7,98
19,49.671872,8.613098,17607.3,129
20,49.671213,8.626045,15915.7,122
21,49.683625,8.618369,15327.7,131
22,49.683373,8.605677,11373.4,99
23,49.682218,8.619811,9633.0,67
24,49.672587,8.612428,13875.9,90
25,49.679930,8.609991,11689.9,91
26,49.687668,8.629578,19277.3,150
27,49.684128,8.634594,19290.5,127
28,49.689155,8.609528,6236.6,62
29,49.683170,8.605362,19160.8,146
30,49.675255,8.605123,11850.2,93
31,49.682196,8.614558,7746.7,56
32,49.680310,8.623528,17864.9,126
33,49.679133,8.631129,20783.7,151
34,49.681185,8.616942,8752.3,90
35,49.682686,8.606867,7628.5,48
36,49.678813,8.608298,10866.9,116
37,49.670005,8.609538,8134.2,52
38,49.682275,8.607109,8777.0,66
39,49.672971,8.612568,11101.4,84
40,49.679483,8.608461,16270.8,102
41,49.679320,8.619515,5004.4,50
42,49.684993,8.627211,14950.0,101
43,49.673229,8.605693,12339.5,107
44,49.683801,8.632424,17394.6,137
45,49.689570,8.630900,19244.4,129
46,49.680368,8.632248,12243.0,85
47,49.680652,8.628372,11033.2,82
48,49.682265,8.628652,20506.7,137
49,49.686122,8.629550,19595.2,134
50,49.673998,8.619783,12239.8,133
51,49.670559,8.613383,7559.5,73
52,49.682103,8.615328,22249.6,143
53,49.689761,8.633650,8224.8,86
54,49.672043,8.619102,8657.4,83
55,49.682481,8.632009,13249.6,147
56,49.688184,8.615320,11704.0,122
57,49.683212,8.632293,19572.6,140
58,49.673986,8.631670,13797.8,95
59,49.676650,8.629025,15537.5,132
60,49.678028,8.633404,13347.8,132
61,49.689862,8.605826,17634.1,115
62,49.686130,8.609385,19098.1,145
63,49.679487,8.633124,7576.0,59
64,49.672620,8.605427,17883.0,132
65,49.680532,8.633009,15110.6,95
66,49.673896,8.631217,4628.0,43
67,49.675859,8.612216,12974.2,115
68,49.680887,8.630026,7224.0,47
69,49.677076,8.618745,16764.1,114
70,49.680335,8.629814,19017.5,152
71,49.680636,8.620705,6346.0,42
72,49.685530,8.623257,20285.9,139
73,49.673447,8.619205,12991.9,132
74,49.671235,8.625470,13790.3,107
75,49.685685,8.608183,10431.5,111
76,49.673826,8.606266,6528.1,52
77,49.681235,8.627800,14732.0,156
78,49.676512,8.634201,14724.6,117
79,49.683855,8.618570,15823.7,108
80,49.680155,8.612430,16043.9,106
81,49.688844,8.612788,16926.7,111
82,49.674052,8.618426,9161.8,93
83,49.678842,8.607176,8398.9,70
84,49.674254,8.614083,8403.6,55
85,49.673089,8.626484,14338.5,124
86,49.675062,8.609118,10431.7,99
87,49.689050,8.616948,10342.4,102
88,49.683357,8.611711,15626.8,130
89,49.680312,8.615173,7472.6,65
90,49.671844,8.615979,10689.0,83
91,49.678809,8.605542,10350.1,82
92,49.675909,8.633823,8583.6,54
93,49.685767,8.634151,5081.9,53
94,49.675438,8.632177,6862.7,63
95,49.672591,8.617668,21421.6,156
96,49.688920,8.617178,16668.9,108
97,49.681412,8.626013,5586.3,51
98,49.685992,8.610500,14640.6,154
99,49.688767,8.624033,15369.9,142
100,49.682164,8.611672,10978.8,73
101,49.679075,8.615175,13116.8,110
102,49.688309,8.623651,5709.8,45
103,49.674769,8.608284,6500.0,60
104,49.673623,8.632967,13362.0,120
105,49.685190,8.613699,14253.3,104
106,49.675410,8.629110,6666.2,72
107,49.670369,8.620170,8063.8,64
108,49.674914,8.618412,18268.2,124
109,49.678644,8.619850,22222.8,146
110,49.689406,8.614233,10637.6,67
111,49.676854,8.629969,18332.5,130
112,49.672794,8.634683,6835.1,46
113,49.670285,8.623763,16399.5,152
114,49.673265,8.607535,17149.3,147
115,49.680119,8.634128,12406.8,116
116,49.675861,8.618784,6530.0,60
117,49.670072,8.615924,12962.9,82
118,49.680941,8.612333,16973.6,152
119,49.677132,8.605032,8436.8,88
120,49.675579,8.624681,8898.5,71
121,49.670099,8.612925,5103.6,51
122,49.681736,8.616819,8681.2,78
123,49.674656,8.622567,16020.8,107
124,49.673105,8.631784,21215.1,140
125,49.677790,8.614784,10347.6,103
126,49.684483,8.624297,6648.3,45
127,49.684300,8.620389,13288.7,94
128,49.686244,8.609179,15269.0,107
129,49.681370,8.629387,6209.6,42
130,49.681681,8.631785,19929.5,127
131,49.682858,8.607553,4469.2,45
132,49.677214,8.608147,17753.2,146
133,49.671016,8.605565,14865.8,108
134,49.679786,8.605099,13476.9,142
135,49.688650,8.631936,6943.7,51
136,49.671321,8.627104,10558.5,72
137,49.686923,8.612044,14193.7,136
138,49.684797,8.634272,15366.3,103
139,49.671535,8.632314,10920.3,76
140,49.682339,8.624283,6467.0,49
141,49.676635,8.624546,14247.6,128
142,49.681355,8.605374,5828.3,47
143,49.689450,8.607986,9199.1,67
144,49.675817,8.620496,12138.7,99
145,49.685343,8.634799,11434.2,110
146,49.689563,8.633088,4631.4,42
147,49.671529,8.620199,15479.0,97
148,49.677737,8.632497,16655.2,159
149,49.681629,8.609252,11590.9,107
150,49.677191,8.623101,15073.5,120
151,49.687737,8.626100,8614.8,69
152,49.687523,8.616822,5415.1,60
153,49.679834,8.618523,10990.4,78
154,49.678324,8.616283,8184.9,55
155,49.670035,8.627522,17328.1,147
156,49.688798,8.610872,6277.5,41
157,49.675797,8.616167,10558.0,90
158,49.687399,8.607292,18954.3,158
159,49.675503,8.606448,4961.5,53
160,49.683240,8.624049,6339.7,59
161,49.675315,8.620329,9223.9,64
162,49.685703,8.617832,6314.0,43
163,49.682618,8.632403,20606.5,160
164,49.674069,8.607417,22461.1,159
165,49.679017,8.627580,18405.3,122
166,49.679712,8.632357,10880.3,110
167,49.679444,8.615310,8416.4,78
168,49.684775,8.624585,12368.7,91
169,49.676017,8.621720,8854.4,90
170,49.682864,8.607255,15955.4,104
171,49.679942,8.611601,17674.6,156
172,49.685185,8.617823,11381.5,110
173,49.671814,8.615259,5729.9,51
174,49.677366,8.629281,9887.0,65
175,49.684993,8.617383,13083.2,92
176,49.674200,8.613107,12830.8,136
177,49.675550,8.634031,7732.1,56
178,49.680585,8.628709,15557.4,148
179,49.675420,8.612454,12303.7,91
180,49.678637,8.614360,21758.7,144
181,49.670436,8.605967,18649.6,130
182,49.686085,8.634048,9181.3,102
183,49.677830,8.632805,18407.8,145
184,49.679363,8.618469,13668.7,140
185,49.673088,8.620671,12398.0,127
186,49.686508,8.626030,21243.3,148
187,49.679147,8.621545,4054.3,45
188,49.672513,8.622081,5948.2,44
189,49.676076,8.608839,9142.4,72
190,49.678749,8.627915,4936.1,52
191,49.680489,8.622487,9635.3,89
192,49.685810,8.605035,11999.5,108
193,49.679214,8.633768,18148.6,122
194,49.674847,8.620788,11802.3,110
195,49.689212,8.626140,7415.9,79
196,49.673882,8.631545,14566.9,122
197,49.675145,8.625021,18314.6,158
198,49.679859,8.625875,15646.5,131
199,49.683651,8.610942,15683.6,142
200,49.686903,8.607023,16262.7,103
201,49.676234,8.629600,8456.5,69
202,49.675300,8.631680,8301.6,53
203,49.679915,8.610619,8428.9,68
204,49.688208,8.606693,11628.6,116
205,49.677869,8.611388,11592.3,116
206,49.671037,8.606804,10932.7,90
207,49.684241,8.614426,8630.7,54
208,49.688632,8.614877,8547.4,63
209,49.680496,8.619028,10784.3,79
210,49.677572,8.616217,9919.6,82
211,49.672179,8.607347,5730.1,50
212,49.689110,8.608711,14319.0,137
213,49.677133,8.629647,21210.0,145
214,49.671755,8.626158,7545.9,65
215,49.688390,8.610791,12178.7,86
216,49.679491,8.623950,10424.8,71
217,49.685333,8.606219,5389.3,44
218,49.686067,8.606860,9107.8,64
219,49.687971,8.615172,8395.1,74
220,49.689075,8.606308,18922.2,135
221,49.676330,8.613269,5620.4,40
222,49.681911,8.629170,15131.7,160
223,49.686520,8.608218,20563.7,131
224,49.689078,8.616595,11084.3,72
225,49.686296,8.608981,10589.0,103
226,49.686051,8.627155,20074.9,145
227,49.673026,8.612084,16855.3,150
228,49.677237,8.628467,6291.6,50
229,49.677834,8.609798,8696.9,92
230,49.670677,8.621578,8201.1,81
231,49.678531,8.608157,5318.6,49
232,49.671682,8.607893,16396.6,103
233,49.689442,8.610196,6793.2,57
234,49.682406,8.625223,17239.4,135
235,49.685477,8.627787,20691.7,139
236,49.675876,8.622007,9377.2,87
237,49.675207,8.618182,6752.0,63
238,49.673066,8.631525,11762.2,114
239,49.671296,8.612550,8911.4,71
240,49.674628,8.629253,15064.3,123
241,49.670740,8.605135,22542.6,153
242,49.686811,8.632431,6812.2,45
243,49.674658,8.606512,18340.5,116
244,49.681664,8.632905,10952.2,87
245,49.673555,8.623091,20077.8,139
246,49.688914,8.608173,16202.8,116
247,49.676994,8.606124,8291.4,83
248,49.674080,8.612647,16385.7,116
249,49.688279,8.629442,16258.7,144
250,49.683566,8.610554,7541.0,79
251,49.670629,8.619869,9537.3,101
252,49.672028,8.616859,11090.1,110
253,49.680680,8.624592,12481.1,90
254,49.678196,8.613499,9420.7,79
255,49.671027,8.627360,17595.4,153
256,49.678329,8.630927,16396.0,142
257,49.673944,8.626841,10292.0,66
258,49.678683,8.609697,7961.0,54
259,49.678124,8.631485,14123.2,98
260,49.672600,8.606551,7821.1,58
261,49.688196,8.607671,18433.8,119
262,49.684745,8.610151,9225.8,84
263,49.680423,8.632765,6193.7,53
264,49.685071,8.628764,14845.4,143
265,49.672533,8.633292,19311.5,156
266,49.671067,8.632785,8547.6,89
267,49.684246,8.625646,15587.8,154
268,49.685717,8.611662,12105.8,91
269,49.673922,8.619189,11790.2,112
270,49.677995,8.620537,10247.9,89
271,49.672989,8.634121,22004.7,144
272,49.670822,8.621870,18639.9,136
273,49.683358,8.614726,11745.0,89
274,49.681001,8.623811,10699.1,79
275,49.676164,8.612478,12114.6,89
276,49.678936,8.618151,3790.3,42
277,49.689723,8.618958,13914.6,97
278,49.685599,8.618749,9097.7,62
279,49.678007,8.607014,10212.1,85
280,49.671834,8.618259,14279.7,105
281,49.670813,8.608908,22332.3,158
282,49.685553,8.620344,6561.6,46
283,49.687897,8.624582,13934.6,140
284,49.687141,8.634884,18417.6,133
285,49.672192,8.608949,19037.9,153
286,49.689133,8.632481,8419.8,61
287,49.684422,8.611634,16726.2,146
288,49.685124,8.609763,20473.9,154
289,49.688101,8.618692,9011.2,72
290,49.688398,8.611250,9717.1,73
291,49.674748,8.616168,6678.5,65
292,49.673225,8.633092,14231.4,126
293,49.677537,8.628764,7158.1,73
294,49.680614,8.624090,13556.3,86
295,49.679061,8.620644,19427.5,128
296,49.672092,8.634789,17995.4,120
297,49.684758,8.616144,14021.5,88
298,49.681547,8.615808,13110.5,137
299,49.674601,8.623461,5094.4,46
